,PassengerId,Survived,Pclass,Sex,Age,SibSp,Parch,Fare,Normalized Fare
0,1,0,3,0,22.0,1,0,7.25,-0.5
1,2,1,1,1,38.0,1,0,71.2833,0.79
2,3,1,3,1,26.0,0,0,7.925,-0.49
3,4,1,1,1,35.0,1,0,53.1,0.42
4,5,0,3,0,35.0,0,0,8.05,-0.49
5,6,0,3,0,29.7,0,0,8.4583,-0.48
6,7,0,1,0,54.0,0,0,51.8625,0.4
7,8,0,3,0,2.0,3,1,21.075,-0.22
8,9,1,3,1,27.0,0,2,11.1333,-0.42
9,10,1,2,1,14.0,1,0,30.0708,-0.04
10,11,1,3,1,4.0,1,1,16.7,-0.31
11,12,1,1,1,58.0,0,0,26.55,-0.11
12,13,0,3,0,20.0,0,0,8.05,-0.49
13,14,0,3,0,39.0,1,5,31.275,-0.02
14,15,0,3,1,14.0,0,0,7.8542,-0.49
15,16,1,2,1,55.0,0,0,16.0,-0.33
16,17,0,3,0,2.0,4,1,29.125,-0.06
17,18,1,2,0,29.7,0,0,13.0,-0.39
18,19,0,3,1,31.0,1,0,18.0,-0.29
19,20,1,3,1,29.7,0,0,7.225,-0.5
20,21,0,2,0,35.0,0,0,26.0,-0.12
21,22,1,2,0,34.0,0,0,13.0,-0.39
22,23,1,3,1,15.0,0,0,8.0292,-0.49
23,24,1,1,0,28.0,0,0,35.5,0.07
24,25,0,3,1,8.0,3,1,21.075,-0.22
25,26,1,3,1,38.0,1,5,31.3875,-0.02
26,27,0,3,0,29.7,0,0,7.225,-0.5
27,28,0,1,0,19.0,3,2,263.0,4.64
28,29,1,3,1,29.7,0,0,7.8792,-0.49
29,30,0,3,0,29.7,0,0,7.8958,-0.49
30,31,0,1,0,40.0,0,0,27.7208,-0.09
31,32,1,1,1,29.7,1,0,146.5208,2.3
32,33,1,3,1,29.7,0,0,7.75,-0.49
33,34,0,2,0,66.0,0,0,10.5,-0.44
34,35,0,1,0,28.0,1,0,82.1708,1.01
35,36,0,1,0,42.0,1,0,52.0,0.4
36,37,1,3,0,29.7,0,0,7.2292,-0.5
37,38,0,3,0,21.0,0,0,8.05,-0.49
38,39,0,3,1,18.0,2,0,18.0,-0.29
39,40,1,3,1,14.0,1,0,11.2417,-0.42
40,41,0,3,1,40.0,1,0,9.475,-0.46
41,42,0,2,1,27.0,1,0,21.0,-0.23
42,43,0,3,0,29.7,0,0,7.8958,-0.49
43,44,1,2,1,3.0,1,2,41.5792,0.19
44,45,1,3,1,19.0,0,0,7.8792,-0.49
45,46,0,3,0,29.7,0,0,8.05,-0.49
46,47,0,3,0,29.7,1,0,15.5,-0.34
47,48,1,3,1,29.7,0,0,7.75,-0.49
48,49,0,3,0,29.7,2,0,21.6792,-0.21
49,50,0,3,1,18.0,1,0,17.8,-0.29
50,51,0,3,0,7.0,4,1,39.6875,0.15
51,52,0,3,0,21.0,0,0,7.8,-0.49
52,53,1,1,1,49.0,1,0,76.7292,0.9
53,54,1,2,1,29.0,1,0,26.0,-0.12
54,55,0,1,0,65.0,0,1,61.9792,0.6
55,56,1,1,0,29.7,0,0,35.5,0.07
56,57,1,2,1,21.0,0,0,10.5,-0.44
57,58,0,3,0,28.5,0,0,7.2292,-0.5
58,59,1,2,1,5.0,1,2,27.75,-0.09
59,60,0,3,0,11.0,5,2,46.9,0.3
60,61,0,3,0,22.0,0,0,7.2292,-0.5
61,62,1,1,1,38.0,0,0,80.0,0.96
62,63,0,1,0,45.0,1,0,83.475,1.03
63,64,0,3,0,4.0,3,2,27.9,-0.09
64,65,0,1,0,29.7,0,0,27.7208,-0.09
65,66,1,3,0,29.7,1,1,15.2458,-0.34
66,67,1,2,1,29.0,0,0,10.5,-0.44
67,68,0,3,0,19.0,0,0,8.1583,-0.48
68,69,1,3,1,17.0,4,2,7.925,-0.49
69,70,0,3,0,26.0,2,0,8.6625,-0.47
70,71,0,2,0,32.0,0,0,10.5,-0.44
71,72,0,3,1,16.0,5,2,46.9,0.3
72,73,0,2,0,21.0,0,0,73.5,0.83
73,74,0,3,0,26.0,1,0,14.4542,-0.36
74,75,1,3,0,32.0,0,0,56.4958,0.49
75,76,0,3,0,25.0,0,0,7.65,-0.49
76,77,0,3,0,29.7,0,0,7.8958,-0.49
77,78,0,3,0,29.7,0,0,8.05,-0.49
78,79,1,2,0,0.83,0,2,29.0,-0.06
79,80,1,3,1,30.0,0,0,12.475,-0.4
80,81,0,3,0,22.0,0,0,9.0,-0.47
81,82,1,3,0,29.0,0,0,9.5,-0.46
82,83,1,3,1,29.7,0,0,7.7875,-0.49
83,84,0,1,0,28.0,0,0,47.1,0.3
84,85,1,2,1,17.0,0,0,10.5,-0.44
85,86,1,3,1,33.0,3,0,15.85,-0.33
86,87,0,3,0,16.0,1,3,34.375,0.04
87,88,0,3,0,29.7,0,0,8.05,-0.49
88,89,1,1,1,23.0,3,2,263.0,4.64
89,90,0,3,0,24.0,0,0,8.05,-0.49
90,91,0,3,0,29.0,0,0,8.05,-0.49
91,92,0,3,0,20.0,0,0,7.8542,-0.49
92,93,0,1,0,46.0,1,0,61.175,0.58
93,94,0,3,0,26.0,1,2,20.575,-0.23
94,95,0,3,0,59.0,0,0,7.25,-0.5
95,96,0,3,0,29.7,0,0,8.05,-0.49
96,97,0,1,0,71.0,0,0,34.6542,0.05
97,98,1,1,0,23.0,0,1,63.3583,0.63
98,99,1,2,1,34.0,0,1,23.0,-0.19
99,100,0,2,0,34.0,1,0,26.0,-0.12
100,101,0,3,1,28.0,0,0,7.8958,-0.49
101,102,0,3,0,29.7,0,0,7.8958,-0.49
102,103,0,1,0,21.0,0,1,77.2875,0.91
103,104,0,3,0,33.0,0,0,8.6542,-0.47
104,105,0,3,0,37.0,2,0,7.925,-0.49
105,106,0,3,0,28.0,0,0,7.8958,-0.49
106,107,1,3,1,21.0,0,0,7.65,-0.49
107,108,1,3,0,29.7,0,0,7.775,-0.49
108,109,0,3,0,38.0,0,0,7.8958,-0.49
109,110,1,3,1,29.7,1,0,24.15,-0.16
110,111,0,1,0,47.0,0,0,52.0,0.4
111,112,0,3,1,14.5,1,0,14.4542,-0.36
112,113,0,3,0,22.0,0,0,8.05,-0.49
113,114,0,3,1,20.0,1,0,9.825,-0.45
114,115,0,3,1,17.0,0,0,14.4583,-0.36
115,116,0,3,0,21.0,0,0,7.925,-0.49
116,117,0,3,0,70.5,0,0,7.75,-0.49
117,118,0,2,0,29.0,1,0,21.0,-0.23
118,119,0,1,0,24.0,0,1,247.5208,4.33
119,120,0,3,1,2.0,4,2,31.275,-0.02
120,121,0,2,0,21.0,2,0,73.5,0.83
121,122,0,3,0,29.7,0,0,8.05,-0.49
122,123,0,2,0,32.5,1,0,30.0708,-0.04
123,124,1,2,1,32.5,0,0,13.0,-0.39
124,125,0,1,0,54.0,0,1,77.2875,0.91
125,126,1,3,0,12.0,1,0,11.2417,-0.42
126,127,0,3,0,29.7,0,0,7.75,-0.49
127,128,1,3,0,24.0,0,0,7.1417,-0.5
128,129,1,3,1,29.7,1,1,22.3583,-0.2
129,130,0,3,0,45.0,0,0,6.975,-0.51
130,131,0,3,0,33.0,0,0,7.8958,-0.49
131,132,0,3,0,20.0,0,0,7.05,-0.51
132,133,0,3,1,47.0,1,0,14.5,-0.36
133,134,1,2,1,29.0,1,0,26.0,-0.12
134,135,0,2,0,25.0,0,0,13.0,-0.39
135,136,0,2,0,23.0,0,0,15.0458,-0.35
136,137,1,1,1,19.0,0,2,26.2833,-0.12
137,138,0,1,0,37.0,1,0,53.1,0.42
138,139,0,3,0,16.0,0,0,9.2167,-0.46
139,140,0,1,0,24.0,0,0,79.2,0.95
140,141,0,3,1,29.7,0,2,15.2458,-0.34
141,142,1,3,1,22.0,0,0,7.75,-0.49
142,143,1,3,1,24.0,1,0,15.85,-0.33
143,144,0,3,0,19.0,0,0,6.75,-0.51
144,145,0,2,0,18.0,0,0,11.5,-0.42
145,146,0,2,0,19.0,1,1,36.75,0.09
146,147,1,3,0,27.0,0,0,7.7958,-0.49
147,148,0,3,1,9.0,2,2,34.375,0.04
148,149,0,2,0,36.5,0,2,26.0,-0.12
149,150,0,2,0,42.0,0,0,13.0,-0.39
150,151,0,2,0,51.0,0,0,12.525,-0.4
151,152,1,1,1,22.0,1,0,66.6,0.69
152,153,0,3,0,55.5,0,0,8.05,-0.49
153,154,0,3,0,40.5,0,2,14.5,-0.36
154,155,0,3,0,29.7,0,0,7.3125,-0.5
155,156,0,1,0,51.0,0,1,61.3792,0.59
156,157,1,3,1,16.0,0,0,7.7333,-0.49
157,158,0,3,0,30.0,0,0,8.05,-0.49
158,159,0,3,0,29.7,0,0,8.6625,-0.47
159,160,0,3,0,29.7,8,2,69.55,0.75
160,161,0,3,0,44.0,0,1,16.1,-0.32
161,162,1,2,1,40.0,0,0,15.75,-0.33
162,163,0,3,0,26.0,0,0,7.775,-0.49
163,164,0,3,0,17.0,0,0,8.6625,-0.47
164,165,0,3,0,1.0,4,1,39.6875,0.15
165,166,1,3,0,9.0,0,2,20.525,-0.23
166,167,1,1,1,29.7,0,1,55.0,0.46
167,168,0,3,1,45.0,1,4,27.9,-0.09
168,169,0,1,0,29.7,0,0,25.925,-0.13
169,170,0,3,0,28.0,0,0,56.4958,0.49
170,171,0,1,0,61.0,0,0,33.5,0.03
171,172,0,3,0,4.0,4,1,29.125,-0.06
172,173,1,3,1,1.0,1,1,11.1333,-0.42
173,174,0,3,0,21.0,0,0,7.925,-0.49
174,175,0,1,0,56.0,0,0,30.6958,-0.03
175,176,0,3,0,18.0,1,1,7.8542,-0.49
176,177,0,3,0,29.7,3,1,25.4667,-0.14
177,178,0,1,1,50.0,0,0,28.7125,-0.07
178,179,0,2,0,30.0,0,0,13.0,-0.39
179,180,0,3,0,36.0,0,0,0.0,-0.65
180,181,0,3,1,29.7,8,2,69.55,0.75
181,182,0,2,0,29.7,0,0,15.05,-0.35
182,183,0,3,0,9.0,4,2,31.3875,-0.02
183,184,1,2,0,1.0,2,1,39.0,0.14
184,185,1,3,1,4.0,0,2,22.025,-0.2
185,186,0,1,0,29.7,0,0,50.0,0.36
186,187,1,3,1,29.7,1,0,15.5,-0.34
187,188,1,1,0,45.0,0,0,26.55,-0.11
188,189,0,3,0,40.0,1,1,15.5,-0.34
189,190,0,3,0,36.0,0,0,7.8958,-0.49
190,191,1,2,1,32.0,0,0,13.0,-0.39
191,192,0,2,0,19.0,0,0,13.0,-0.39
192,193,1,3,1,19.0,1,0,7.8542,-0.49
193,194,1,2,0,3.0,1,1,26.0,-0.12
194,195,1,1,1,44.0,0,0,27.7208,-0.09
195,196,1,1,1,58.0,0,0,146.5208,2.3
196,197,0,3,0,29.7,0,0,7.75,-0.49
197,198,0,3,0,42.0,0,1,8.4042,-0.48
198,199,1,3,1,29.7,0,0,7.75,-0.49
199,200,0,2,1,24.0,0,0,13.0,-0.39
200,201,0,3,0,28.0,0,0,9.5,-0.46
201,202,0,3,0,29.7,8,2,69.55,0.75
202,203,0,3,0,34.0,0,0,6.4958,-0.52
203,204,0,3,0,45.5,0,0,7.225,-0.5
204,205,1,3,0,18.0,0,0,8.05,-0.49
205,206,0,3,1,2.0,0,1,10.4625,-0.44
206,207,0,3,0,32.0,1,0,15.85,-0.33
207,208,1,3,0,26.0,0,0,18.7875,-0.27
208,209,1,3,1,16.0,0,0,7.75,-0.49
209,210,1,1,0,40.0,0,0,31.0,-0.02
210,211,0,3,0,24.0,0,0,7.05,-0.51
211,212,1,2,1,35.0,0,0,21.0,-0.23
212,213,0,3,0,22.0,0,0,7.25,-0.5
213,214,0,2,0,30.0,0,0,13.0,-0.39
214,215,0,3,0,29.7,1,0,7.75,-0.49
215,216,1,1,1,31.0,1,0,113.275,1.63
216,217,1,3,1,27.0,0,0,7.925,-0.49
217,218,0,2,0,42.0,1,0,27.0,-0.1
218,219,1,1,1,32.0,0,0,76.2917,0.89
219,220,0,2,0,30.0,0,0,10.5,-0.44
220,221,1,3,0,16.0,0,0,8.05,-0.49
221,222,0,2,0,27.0,0,0,13.0,-0.39
222,223,0,3,0,51.0,0,0,8.05,-0.49
223,224,0,3,0,29.7,0,0,7.8958,-0.49
224,225,1,1,0,38.0,1,0,90.0,1.16
225,226,0,3,0,22.0,0,0,9.35,-0.46
226,227,1,2,0,19.0,0,0,10.5,-0.44
227,228,0,3,0,20.5,0,0,7.25,-0.5
228,229,0,2,0,18.0,0,0,13.0,-0.39
229,230,0,3,1,29.7,3,1,25.4667,-0.14
230,231,1,1,1,35.0,1,0,83.475,1.03
231,232,0,3,0,29.0,0,0,7.775,-0.49
232,233,0,2,0,59.0,0,0,13.5,-0.38
233,234,1,3,1,5.0,4,2,31.3875,-0.02
234,235,0,2,0,24.0,0,0,10.5,-0.44
235,236,0,3,1,29.7,0,0,7.55,-0.5
236,237,0,2,0,44.0,1,0,26.0,-0.12
237,238,1,2,1,8.0,0,2,26.25,-0.12
238,239,0,2,0,19.0,0,0,10.5,-0.44
239,240,0,2,0,33.0,0,0,12.275,-0.4
240,241,0,3,1,29.7,1,0,14.4542,-0.36
241,242,1,3,1,29.7,1,0,15.5,-0.34
242,243,0,2,0,29.0,0,0,10.5,-0.44
243,244,0,3,0,22.0,0,0,7.125,-0.5
244,245,0,3,0,30.0,0,0,7.225,-0.5
245,246,0,1,0,44.0,2,0,90.0,1.16
246,247,0,3,1,25.0,0,0,7.775,-0.49
247,248,1,2,1,24.0,0,2,14.5,-0.36
248,249,1,1,0,37.0,1,1,52.5542,0.41
249,250,0,2,0,54.0,1,0,26.0,-0.12
250,251,0,3,0,29.7,0,0,7.25,-0.5
251,252,0,3,1,29.0,1,1,10.4625,-0.44
252,253,0,1,0,62.0,0,0,26.55,-0.11
253,254,0,3,0,30.0,1,0,16.1,-0.32
254,255,0,3,1,41.0,0,2,20.2125,-0.24
255,256,1,3,1,29.0,0,2,15.2458,-0.34
256,257,1,1,1,29.7,0,0,79.2,0.95
257,258,1,1,1,30.0,0,0,86.5,1.09
258,259,1,1,1,35.0,0,0,512.3292,9.66
259,260,1,2,1,50.0,0,1,26.0,-0.12
260,261,0,3,0,29.7,0,0,7.75,-0.49
261,262,1,3,0,3.0,4,2,31.3875,-0.02
262,263,0,1,0,52.0,1,1,79.65,0.95
263,264,0,1,0,40.0,0,0,0.0,-0.65
264,265,0,3,1,29.7,0,0,7.75,-0.49
265,266,0,2,0,36.0,0,0,10.5,-0.44
266,267,0,3,0,16.0,4,1,39.6875,0.15
267,268,1,3,0,25.0,1,0,7.775,-0.49
268,269,1,1,1,58.0,0,1,153.4625,2.44
269,270,1,1,1,35.0,0,0,135.6333,2.08
270,271,0,1,0,29.7,0,0,31.0,-0.02
271,272,1,3,0,25.0,0,0,0.0,-0.65
272,273,1,2,1,41.0,0,1,19.5,-0.26
273,274,0,1,0,37.0,0,1,29.7,-0.05
274,275,1,3,1,29.7,0,0,7.75,-0.49
275,276,1,1,1,63.0,1,0,77.9583,0.92
276,277,0,3,1,45.0,0,0,7.75,-0.49
277,278,0,2,0,29.7,0,0,0.0,-0.65
278,279,0,3,0,7.0,4,1,29.125,-0.06
279,280,1,3,1,35.0,1,1,20.25,-0.24
280,281,0,3,0,65.0,0,0,7.75,-0.49
281,282,0,3,0,28.0,0,0,7.8542,-0.49
282,283,0,3,0,16.0,0,0,9.5,-0.46
283,284,1,3,0,19.0,0,0,8.05,-0.49
284,285,0,1,0,29.7,0,0,26.0,-0.12
285,286,0,3,0,33.0,0,0,8.6625,-0.47
286,287,1,3,0,30.0,0,0,9.5,-0.46
287,288,0,3,0,22.0,0,0,7.8958,-0.49
288,289,1,2,0,42.0,0,0,13.0,-0.39
289,290,1,3,1,22.0,0,0,7.75,-0.49
290,291,1,1,1,26.0,0,0,78.85,0.94
291,292,1,1,1,19.0,1,0,91.0792,1.18
292,293,0,2,0,36.0,0,0,12.875,-0.39
293,294,0,3,1,24.0,0,0,8.85,-0.47
294,295,0,3,0,24.0,0,0,7.8958,-0.49
295,296,0,1,0,29.7,0,0,27.7208,-0.09
296,297,0,3,0,23.5,0,0,7.2292,-0.5
297,298,0,1,1,2.0,1,2,151.55,2.4
298,299,1,1,0,29.7,0,0,30.5,-0.03
299,300,1,1,1,50.0,0,1,247.5208,4.33
300,301,1,3,1,29.7,0,0,7.75,-0.49
301,302,1,3,0,29.7,2,0,23.25,-0.18
302,303,0,3,0,19.0,0,0,0.0,-0.65
303,304,1,2,1,29.7,0,0,12.35,-0.4
304,305,0,3,0,29.7,0,0,8.05,-0.49
305,306,1,1,0,0.92,1,2,151.55,2.4
306,307,1,1,1,29.7,0,0,110.8833,1.58
307,308,1,1,1,17.0,1,0,108.9,1.54
308,309,0,2,0,30.0,1,0,24.0,-0.17
309,310,1,1,1,30.0,0,0,56.9292,0.5
310,311,1,1,1,24.0,0,0,83.1583,1.03
311,312,1,1,1,18.0,2,2,262.375,4.63
312,313,0,2,1,26.0,1,1,26.0,-0.12
313,314,0,3,0,28.0,0,0,7.8958,-0.49
314,315,0,2,0,43.0,1,1,26.25,-0.12
315,316,1,3,1,26.0,0,0,7.8542,-0.49
316,317,1,2,1,24.0,1,0,26.0,-0.12
317,318,0,2,0,54.0,0,0,14.0,-0.37
318,319,1,1,1,31.0,0,2,164.8667,2.67
319,320,1,1,1,40.0,1,1,134.5,2.06
320,321,0,3,0,22.0,0,0,7.25,-0.5
321,322,0,3,0,27.0,0,0,7.8958,-0.49
322,323,1,2,1,30.0,0,0,12.35,-0.4
323,324,1,2,1,22.0,1,1,29.0,-0.06
324,325,0,3,0,29.7,8,2,69.55,0.75
325,326,1,1,1,36.0,0,0,135.6333,2.08
326,327,0,3,0,61.0,0,0,6.2375,-0.52
327,328,1,2,1,36.0,0,0,13.0,-0.39
328,329,1,3,1,31.0,1,1,20.525,-0.23
329,330,1,1,1,16.0,0,1,57.9792,0.52
330,331,1,3,1,29.7,2,0,23.25,-0.18
331,332,0,1,0,45.5,0,0,28.5,-0.07
332,333,0,1,0,38.0,0,1,153.4625,2.44
333,334,0,3,0,16.0,2,0,18.0,-0.29
334,335,1,1,1,29.7,1,0,133.65,2.04
335,336,0,3,0,29.7,0,0,7.8958,-0.49
336,337,0,1,0,29.0,1,0,66.6,0.69
337,338,1,1,1,41.0,0,0,134.5,2.06
338,339,1,3,0,45.0,0,0,8.05,-0.49
339,340,0,1,0,45.0,0,0,35.5,0.07
340,341,1,2,0,2.0,1,1,26.0,-0.12
341,342,1,1,1,24.0,3,2,263.0,4.64
342,343,0,2,0,28.0,0,0,13.0,-0.39
343,344,0,2,0,25.0,0,0,13.0,-0.39
344,345,0,2,0,36.0,0,0,13.0,-0.39
345,346,1,2,1,24.0,0,0,13.0,-0.39
346,347,1,2,1,40.0,0,0,13.0,-0.39
347,348,1,3,1,29.7,1,0,16.1,-0.32
348,349,1,3,0,3.0,1,1,15.9,-0.33
349,350,0,3,0,42.0,0,0,8.6625,-0.47
350,351,0,3,0,23.0,0,0,9.225,-0.46
351,352,0,1,0,29.7,0,0,35.0,0.06
352,353,0,3,0,15.0,1,1,7.2292,-0.5
353,354,0,3,0,25.0,1,0,17.8,-0.29
354,355,0,3,0,29.7,0,0,7.225,-0.5
355,356,0,3,0,28.0,0,0,9.5,-0.46
356,357,1,1,1,22.0,0,1,55.0,0.46
357,358,0,2,1,38.0,0,0,13.0,-0.39
358,359,1,3,1,29.7,0,0,7.8792,-0.49
359,360,1,3,1,29.7,0,0,7.8792,-0.49
360,361,0,3,0,40.0,1,4,27.9,-0.09
361,362,0,2,0,29.0,1,0,27.7208,-0.09
362,363,0,3,1,45.0,0,1,14.4542,-0.36
363,364,0,3,0,35.0,0,0,7.05,-0.51
364,365,0,3,0,29.7,1,0,15.5,-0.34
365,366,0,3,0,30.0,0,0,7.25,-0.5
366,367,1,1,1,60.0,1,0,75.25,0.87
367,368,1,3,1,29.7,0,0,7.2292,-0.5
368,369,1,3,1,29.7,0,0,7.75,-0.49
369,370,1,1,1,24.0,0,0,69.3,0.75
370,371,1,1,0,25.0,1,0,55.4417,0.47
371,372,0,3,0,18.0,1,0,6.4958,-0.52
372,373,0,3,0,19.0,0,0,8.05,-0.49
373,374,0,1,0,22.0,0,0,135.6333,2.08
374,375,0,3,1,3.0,3,1,21.075,-0.22
375,376,1,1,1,29.7,1,0,82.1708,1.01
376,377,1,3,1,22.0,0,0,7.25,-0.5
377,378,0,1,0,27.0,0,2,211.5,3.61
378,379,0,3,0,20.0,0,0,4.0125,-0.57
379,380,0,3,0,19.0,0,0,7.775,-0.49
380,381,1,1,1,42.0,0,0,227.525,3.93
381,382,1,3,1,1.0,0,2,15.7417,-0.33
382,383,0,3,0,32.0,0,0,7.925,-0.49
383,384,1,1,1,35.0,1,0,52.0,0.4
384,385,0,3,0,29.7,0,0,7.8958,-0.49
385,386,0,2,0,18.0,0,0,73.5,0.83
386,387,0,3,0,1.0,5,2,46.9,0.3
387,388,1,2,1,36.0,0,0,13.0,-0.39
388,389,0,3,0,29.7,0,0,7.7292,-0.49
389,390,1,2,1,17.0,0,0,12.0,-0.41
390,391,1,1,0,36.0,1,2,120.0,1.77
391,392,1,3,0,21.0,0,0,7.7958,-0.49
392,393,0,3,0,28.0,2,0,7.925,-0.49
393,394,1,1,1,23.0,1,0,113.275,1.63
394,395,1,3,1,24.0,0,2,16.7,-0.31
395,396,0,3,0,22.0,0,0,7.7958,-0.49
396,397,0,3,1,31.0,0,0,7.8542,-0.49
397,398,0,2,0,46.0,0,0,26.0,-0.12
398,399,0,2,0,23.0,0,0,10.5,-0.44
399,400,1,2,1,28.0,0,0,12.65,-0.39
400,401,1,3,0,39.0,0,0,7.925,-0.49
401,402,0,3,0,26.0,0,0,8.05,-0.49
402,403,0,3,1,21.0,1,0,9.825,-0.45
403,404,0,3,0,28.0,1,0,15.85,-0.33
404,405,0,3,1,20.0,0,0,8.6625,-0.47
405,406,0,2,0,34.0,1,0,21.0,-0.23
406,407,0,3,0,51.0,0,0,7.75,-0.49
407,408,1,2,0,3.0,1,1,18.75,-0.27
408,409,0,3,0,21.0,0,0,7.775,-0.49
409,410,0,3,1,29.7,3,1,25.4667,-0.14
410,411,0,3,0,29.7,0,0,7.8958,-0.49
411,412,0,3,0,29.7,0,0,6.8583,-0.51
412,413,1,1,1,33.0,1,0,90.0,1.16
413,414,0,2,0,29.7,0,0,0.0,-0.65
414,415,1,3,0,44.0,0,0,7.925,-0.49
415,416,0,3,1,29.7,0,0,8.05,-0.49
416,417,1,2,1,34.0,1,1,32.5,0.01
417,418,1,2,1,18.0,0,2,13.0,-0.39
418,419,0,2,0,30.0,0,0,13.0,-0.39
419,420,0,3,1,10.0,0,2,24.15,-0.16
420,421,0,3,0,29.7,0,0,7.8958,-0.49
421,422,0,3,0,21.0,0,0,7.7333,-0.49
422,423,0,3,0,29.0,0,0,7.875,-0.49
423,424,0,3,1,28.0,1,1,14.4,-0.36
424,425,0,3,0,18.0,1,1,20.2125,-0.24
425,426,0,3,0,29.7,0,0,7.25,-0.5
426,427,1,2,1,28.0,1,0,26.0,-0.12
427,428,1,2,1,19.0,0,0,26.0,-0.12
428,429,0,3,0,29.7,0,0,7.75,-0.49
429,430,1,3,0,32.0,0,0,8.05,-0.49
430,431,1,1,0,28.0,0,0,26.55,-0.11
431,432,1,3,1,29.7,1,0,16.1,-0.32
432,433,1,2,1,42.0,1,0,26.0,-0.12
433,434,0,3,0,17.0,0,0,7.125,-0.5
434,435,0,1,0,50.0,1,0,55.9,0.48
435,436,1,1,1,14.0,1,2,120.0,1.77
436,437,0,3,1,21.0,2,2,34.375,0.04
437,438,1,2,1,24.0,2,3,18.75,-0.27
438,439,0,1,0,64.0,1,4,263.0,4.64
439,440,0,2,0,31.0,0,0,10.5,-0.44
440,441,1,2,1,45.0,1,1,26.25,-0.12
441,442,0,3,0,20.0,0,0,9.5,-0.46
442,443,0,3,0,25.0,1,0,7.775,-0.49
443,444,1,2,1,28.0,0,0,13.0,-0.39
444,445,1,3,0,29.7,0,0,8.1125,-0.48
445,446,1,1,0,4.0,0,2,81.8583,1.0
446,447,1,2,1,13.0,0,1,19.5,-0.26
447,448,1,1,0,34.0,0,0,26.55,-0.11
448,449,1,3,1,5.0,2,1,19.2583,-0.26
449,450,1,1,0,52.0,0,0,30.5,-0.03
450,451,0,2,0,36.0,1,2,27.75,-0.09
451,452,0,3,0,29.7,1,0,19.9667,-0.25
452,453,0,1,0,30.0,0,0,27.75,-0.09
453,454,1,1,0,49.0,1,0,89.1042,1.15
454,455,0,3,0,29.7,0,0,8.05,-0.49
455,456,1,3,0,29.0,0,0,7.8958,-0.49
456,457,0,1,0,65.0,0,0,26.55,-0.11
457,458,1,1,1,29.7,1,0,51.8625,0.4
458,459,1,2,1,50.0,0,0,10.5,-0.44
459,460,0,3,0,29.7,0,0,7.75,-0.49
460,461,1,1,0,48.0,0,0,26.55,-0.11
461,462,0,3,0,34.0,0,0,8.05,-0.49
462,463,0,1,0,47.0,0,0,38.5,0.13
463,464,0,2,0,48.0,0,0,13.0,-0.39
464,465,0,3,0,29.7,0,0,8.05,-0.49
465,466,0,3,0,38.0,0,0,7.05,-0.51
466,467,0,2,0,29.7,0,0,0.0,-0.65
467,468,0,1,0,56.0,0,0,26.55,-0.11
468,469,0,3,0,29.7,0,0,7.725,-0.49
469,470,1,3,1,0.75,2,1,19.2583,-0.26
470,471,0,3,0,29.7,0,0,7.25,-0.5
471,472,0,3,0,38.0,0,0,8.6625,-0.47
472,473,1,2,1,33.0,1,2,27.75,-0.09
473,474,1,2,1,23.0,0,0,13.7917,-0.37
474,475,0,3,1,22.0,0,0,9.8375,-0.45
475,476,0,1,0,29.7,0,0,52.0,0.4
476,477,0,2,0,34.0,1,0,21.0,-0.23
477,478,0,3,0,29.0,1,0,7.0458,-0.51
478,479,0,3,0,22.0,0,0,7.5208,-0.5
479,480,1,3,1,2.0,0,1,12.2875,-0.4
480,481,0,3,0,9.0,5,2,46.9,0.3
481,482,0,2,0,29.7,0,0,0.0,-0.65
482,483,0,3,0,50.0,0,0,8.05,-0.49
483,484,1,3,1,63.0,0,0,9.5875,-0.46
484,485,1,1,0,25.0,1,0,91.0792,1.18
485,486,0,3,1,29.7,3,1,25.4667,-0.14
486,487,1,1,1,35.0,1,0,90.0,1.16
487,488,0,1,0,58.0,0,0,29.7,-0.05
488,489,0,3,0,30.0,0,0,8.05,-0.49
489,490,1,3,0,9.0,1,1,15.9,-0.33
490,491,0,3,0,29.7,1,0,19.9667,-0.25
491,492,0,3,0,21.0,0,0,7.25,-0.5
492,493,0,1,0,55.0,0,0,30.5,-0.03
493,494,0,1,0,71.0,0,0,49.5042,0.35
494,495,0,3,0,21.0,0,0,8.05,-0.49
495,496,0,3,0,29.7,0,0,14.4583,-0.36
496,497,1,1,1,54.0,1,0,78.2667,0.93
497,498,0,3,0,29.7,0,0,15.1,-0.34
498,499,0,1,1,25.0,1,2,151.55,2.4
499,500,0,3,0,24.0,0,0,7.7958,-0.49
500,501,0,3,0,17.0,0,0,8.6625,-0.47
501,502,0,3,1,21.0,0,0,7.75,-0.49
502,503,0,3,1,29.7,0,0,7.6292,-0.49
503,504,0,3,1,37.0,0,0,9.5875,-0.46
504,505,1,1,1,16.0,0,0,86.5,1.09
505,506,0,1,0,18.0,1,0,108.9,1.54
506,507,1,2,1,33.0,0,2,26.0,-0.12
507,508,1,1,0,29.7,0,0,26.55,-0.11
508,509,0,3,0,28.0,0,0,22.525,-0.19
509,510,1,3,0,26.0,0,0,56.4958,0.49
510,511,1,3,0,29.0,0,0,7.75,-0.49
511,512,0,3,0,29.7,0,0,8.05,-0.49
512,513,1,1,0,36.0,0,0,26.2875,-0.12
513,514,1,1,1,54.0,1,0,59.4,0.55
514,515,0,3,0,24.0,0,0,7.4958,-0.5
515,516,0,1,0,47.0,0,0,34.0208,0.04
516,517,1,2,1,34.0,0,0,10.5,-0.44
517,518,0,3,0,29.7,0,0,24.15,-0.16
518,519,1,2,1,36.0,1,0,26.0,-0.12
519,520,0,3,0,32.0,0,0,7.8958,-0.49
520,521,1,1,1,30.0,0,0,93.5,1.23
521,522,0,3,0,22.0,0,0,7.8958,-0.49
522,523,0,3,0,29.7,0,0,7.225,-0.5
523,524,1,1,1,44.0,0,1,57.9792,0.52
524,525,0,3,0,29.7,0,0,7.2292,-0.5
525,526,0,3,0,40.5,0,0,7.75,-0.49
526,527,1,2,1,50.0,0,0,10.5,-0.44
527,528,0,1,0,29.7,0,0,221.7792,3.82
528,529,0,3,0,39.0,0,0,7.925,-0.49
529,530,0,2,0,23.0,2,1,11.5,-0.42
530,531,1,2,1,2.0,1,1,26.0,-0.12
531,532,0,3,0,29.7,0,0,7.2292,-0.5
532,533,0,3,0,17.0,1,1,7.2292,-0.5
533,534,1,3,1,29.7,0,2,22.3583,-0.2
534,535,0,3,1,30.0,0,0,8.6625,-0.47
535,536,1,2,1,7.0,0,2,26.25,-0.12
536,537,0,1,0,45.0,0,0,26.55,-0.11
537,538,1,1,1,30.0,0,0,106.425,1.49
538,539,0,3,0,29.7,0,0,14.5,-0.36
539,540,1,1,1,22.0,0,2,49.5,0.35
540,541,1,1,1,36.0,0,2,71.0,0.78
541,542,0,3,1,9.0,4,2,31.275,-0.02
542,543,0,3,1,11.0,4,2,31.275,-0.02
543,544,1,2,0,32.0,1,0,26.0,-0.12
544,545,0,1,0,50.0,1,0,106.425,1.49
545,546,0,1,0,64.0,0,0,26.0,-0.12
546,547,1,2,1,19.0,1,0,26.0,-0.12
547,548,1,2,0,29.7,0,0,13.8625,-0.37
548,549,0,3,0,33.0,1,1,20.525,-0.23
549,550,1,2,0,8.0,1,1,36.75,0.09
550,551,1,1,0,17.0,0,2,110.8833,1.58
551,552,0,2,0,27.0,0,0,26.0,-0.12
552,553,0,3,0,29.7,0,0,7.8292,-0.49
553,554,1,3,0,22.0,0,0,7.225,-0.5
554,555,1,3,1,22.0,0,0,7.775,-0.49
555,556,0,1,0,62.0,0,0,26.55,-0.11
556,557,1,1,1,48.0,1,0,39.6,0.15
557,558,0,1,0,29.7,0,0,227.525,3.93
558,559,1,1,1,39.0,1,1,79.65,0.95
559,560,1,3,1,36.0,1,0,17.4,-0.3
560,561,0,3,0,29.7,0,0,7.75,-0.49
561,562,0,3,0,40.0,0,0,7.8958,-0.49
562,563,0,2,0,28.0,0,0,13.5,-0.38
563,564,0,3,0,29.7,0,0,8.05,-0.49
564,565,0,3,1,29.7,0,0,8.05,-0.49
565,566,0,3,0,24.0,2,0,24.15,-0.16
566,567,0,3,0,19.0,0,0,7.8958,-0.49
567,568,0,3,1,29.0,0,4,21.075,-0.22
568,569,0,3,0,29.7,0,0,7.2292,-0.5
569,570,1,3,0,32.0,0,0,7.8542,-0.49
570,571,1,2,0,62.0,0,0,10.5,-0.44
571,572,1,1,1,53.0,2,0,51.4792,0.39
572,573,1,1,0,36.0,0,0,26.3875,-0.12
573,574,1,3,1,29.7,0,0,7.75,-0.49
574,575,0,3,0,16.0,0,0,8.05,-0.49
575,576,0,3,0,19.0,0,0,14.5,-0.36
576,577,1,2,1,34.0,0,0,13.0,-0.39
577,578,1,1,1,39.0,1,0,55.9,0.48
578,579,0,3,1,29.7,1,0,14.4583,-0.36
579,580,1,3,0,32.0,0,0,7.925,-0.49
580,581,1,2,1,25.0,1,1,30.0,-0.04
581,582,1,1,1,39.0,1,1,110.8833,1.58
582,583,0,2,0,54.0,0,0,26.0,-0.12
583,584,0,1,0,36.0,0,0,40.125,0.16
584,585,0,3,0,29.7,0,0,8.7125,-0.47
585,586,1,1,1,18.0,0,2,79.65,0.95
586,587,0,2,0,47.0,0,0,15.0,-0.35
587,588,1,1,0,60.0,1,1,79.2,0.95
588,589,0,3,0,22.0,0,0,8.05,-0.49
589,590,0,3,0,29.7,0,0,8.05,-0.49
590,591,0,3,0,35.0,0,0,7.125,-0.5
591,592,1,1,1,52.0,1,0,78.2667,0.93
592,593,0,3,0,47.0,0,0,7.25,-0.5
593,594,0,3,1,29.7,0,2,7.75,-0.49
594,595,0,2,0,37.0,1,0,26.0,-0.12
595,596,0,3,0,36.0,1,1,24.15,-0.16
596,597,1,2,1,29.7,0,0,33.0,0.02
597,598,0,3,0,49.0,0,0,0.0,-0.65
598,599,0,3,0,29.7,0,0,7.225,-0.5
599,600,1,1,0,49.0,1,0,56.9292,0.5
600,601,1,2,1,24.0,2,1,27.0,-0.1
601,602,0,3,0,29.7,0,0,7.8958,-0.49
602,603,0,1,0,29.7,0,0,42.4,0.21
603,604,0,3,0,44.0,0,0,8.05,-0.49
604,605,1,1,0,35.0,0,0,26.55,-0.11
605,606,0,3,0,36.0,1,0,15.55,-0.34
606,607,0,3,0,30.0,0,0,7.8958,-0.49
607,608,1,1,0,27.0,0,0,30.5,-0.03
608,609,1,2,1,22.0,1,2,41.5792,0.19
609,610,1,1,1,40.0,0,0,153.4625,2.44
610,611,0,3,1,39.0,1,5,31.275,-0.02
611,612,0,3,0,29.7,0,0,7.05,-0.51
612,613,1,3,1,29.7,1,0,15.5,-0.34
613,614,0,3,0,29.7,0,0,7.75,-0.49
614,615,0,3,0,35.0,0,0,8.05,-0.49
615,616,1,2,1,24.0,1,2,65.0,0.66
616,617,0,3,0,34.0,1,1,14.4,-0.36
617,618,0,3,1,26.0,1,0,16.1,-0.32
618,619,1,2,1,4.0,2,1,39.0,0.14
619,620,0,2,0,26.0,0,0,10.5,-0.44
620,621,0,3,0,27.0,1,0,14.4542,-0.36
621,622,1,1,0,42.0,1,0,52.5542,0.41
622,623,1,3,0,20.0,1,1,15.7417,-0.33
623,624,0,3,0,21.0,0,0,7.8542,-0.49
624,625,0,3,0,21.0,0,0,16.1,-0.32
625,626,0,1,0,61.0,0,0,32.3208,0.0
626,627,0,2,0,57.0,0,0,12.35,-0.4
627,628,1,1,1,21.0,0,0,77.9583,0.92
628,629,0,3,0,26.0,0,0,7.8958,-0.49
629,630,0,3,0,29.7,0,0,7.7333,-0.49
630,631,1,1,0,80.0,0,0,30.0,-0.04
631,632,0,3,0,51.0,0,0,7.0542,-0.51
632,633,1,1,0,32.0,0,0,30.5,-0.03
633,634,0,1,0,29.7,0,0,0.0,-0.65
634,635,0,3,1,9.0,3,2,27.9,-0.09
635,636,1,2,1,28.0,0,0,13.0,-0.39
636,637,0,3,0,32.0,0,0,7.925,-0.49
637,638,0,2,0,31.0,1,1,26.25,-0.12
638,639,0,3,1,41.0,0,5,39.6875,0.15
639,640,0,3,0,29.7,1,0,16.1,-0.32
640,641,0,3,0,20.0,0,0,7.8542,-0.49
641,642,1,1,1,24.0,0,0,69.3,0.75
642,643,0,3,1,2.0,3,2,27.9,-0.09
643,644,1,3,0,29.7,0,0,56.4958,0.49
644,645,1,3,1,0.75,2,1,19.2583,-0.26
645,646,1,1,0,48.0,1,0,76.7292,0.9
646,647,0,3,0,19.0,0,0,7.8958,-0.49
647,648,1,1,0,56.0,0,0,35.5,0.07
648,649,0,3,0,29.7,0,0,7.55,-0.5
649,650,1,3,1,23.0,0,0,7.55,-0.5
650,651,0,3,0,29.7,0,0,7.8958,-0.49
651,652,1,2,1,18.0,0,1,23.0,-0.19
652,653,0,3,0,21.0,0,0,8.4333,-0.48
653,654,1,3,1,29.7,0,0,7.8292,-0.49
654,655,0,3,1,18.0,0,0,6.75,-0.51
655,656,0,2,0,24.0,2,0,73.5,0.83
656,657,0,3,0,29.7,0,0,7.8958,-0.49
657,658,0,3,1,32.0,1,1,15.5,-0.34
658,659,0,2,0,23.0,0,0,13.0,-0.39
659,660,0,1,0,58.0,0,2,113.275,1.63
660,661,1,1,0,50.0,2,0,133.65,2.04
661,662,0,3,0,40.0,0,0,7.225,-0.5
662,663,0,1,0,47.0,0,0,25.5875,-0.13
663,664,0,3,0,36.0,0,0,7.4958,-0.5
664,665,1,3,0,20.0,1,0,7.925,-0.49
665,666,0,2,0,32.0,2,0,73.5,0.83
666,667,0,2,0,25.0,0,0,13.0,-0.39
667,668,0,3,0,29.7,0,0,7.775,-0.49
668,669,0,3,0,43.0,0,0,8.05,-0.49
669,670,1,1,1,29.7,1,0,52.0,0.4
670,671,1,2,1,40.0,1,1,39.0,0.14
671,672,0,1,0,31.0,1,0,52.0,0.4
672,673,0,2,0,70.0,0,0,10.5,-0.44
673,674,1,2,0,31.0,0,0,13.0,-0.39
674,675,0,2,0,29.7,0,0,0.0,-0.65
675,676,0,3,0,18.0,0,0,7.775,-0.49
676,677,0,3,0,24.5,0,0,8.05,-0.49
677,678,1,3,1,18.0,0,0,9.8417,-0.45
678,679,0,3,1,43.0,1,6,46.9,0.3
679,680,1,1,0,36.0,0,1,512.3292,9.66
680,681,0,3,1,29.7,0,0,8.1375,-0.48
681,682,1,1,0,27.0,0,0,76.7292,0.9
682,683,0,3,0,20.0,0,0,9.225,-0.46
683,684,0,3,0,14.0,5,2,46.9,0.3
684,685,0,2,0,60.0,1,1,39.0,0.14
685,686,0,2,0,25.0,1,2,41.5792,0.19
686,687,0,3,0,14.0,4,1,39.6875,0.15
687,688,0,3,0,19.0,0,0,10.1708,-0.44
688,689,0,3,0,18.0,0,0,7.7958,-0.49
689,690,1,1,1,15.0,0,1,211.3375,3.61
690,691,1,1,0,31.0,1,0,57.0,0.5
691,692,1,3,1,4.0,0,1,13.4167,-0.38
692,693,1,3,0,29.7,0,0,56.4958,0.49
693,694,0,3,0,25.0,0,0,7.225,-0.5
694,695,0,1,0,60.0,0,0,26.55,-0.11
695,696,0,2,0,52.0,0,0,13.5,-0.38
696,697,0,3,0,44.0,0,0,8.05,-0.49
697,698,1,3,1,29.7,0,0,7.7333,-0.49
698,699,0,1,0,49.0,1,1,110.8833,1.58
699,700,0,3,0,42.0,0,0,7.65,-0.49
700,701,1,1,1,18.0,1,0,227.525,3.93
701,702,1,1,0,35.0,0,0,26.2875,-0.12
702,703,0,3,1,18.0,0,1,14.4542,-0.36
703,704,0,3,0,25.0,0,0,7.7417,-0.49
704,705,0,3,0,26.0,1,0,7.8542,-0.49
705,706,0,2,0,39.0,0,0,26.0,-0.12
706,707,1,2,1,45.0,0,0,13.5,-0.38
707,708,1,1,0,42.0,0,0,26.2875,-0.12
708,709,1,1,1,22.0,0,0,151.55,2.4
709,710,1,3,0,29.7,1,1,15.2458,-0.34
710,711,1,1,1,24.0,0,0,49.5042,0.35
711,712,0,1,0,29.7,0,0,26.55,-0.11
712,713,1,1,0,48.0,1,0,52.0,0.4
713,714,0,3,0,29.0,0,0,9.4833,-0.46
714,715,0,2,0,52.0,0,0,13.0,-0.39
715,716,0,3,0,19.0,0,0,7.65,-0.49
716,717,1,1,1,38.0,0,0,227.525,3.93
717,718,1,2,1,27.0,0,0,10.5,-0.44
718,719,0,3,0,29.7,0,0,15.5,-0.34
719,720,0,3,0,33.0,0,0,7.775,-0.49
720,721,1,2,1,6.0,0,1,33.0,0.02
721,722,0,3,0,17.0,1,0,7.0542,-0.51
722,723,0,2,0,34.0,0,0,13.0,-0.39
723,724,0,2,0,50.0,0,0,13.0,-0.39
724,725,1,1,0,27.0,1,0,53.1,0.42
725,726,0,3,0,20.0,0,0,8.6625,-0.47
726,727,1,2,1,30.0,3,0,21.0,-0.23
727,728,1,3,1,29.7,0,0,7.7375,-0.49
728,729,0,2,0,25.0,1,0,26.0,-0.12
729,730,0,3,1,25.0,1,0,7.925,-0.49
730,731,1,1,1,29.0,0,0,211.3375,3.61
731,732,0,3,0,11.0,0,0,18.7875,-0.27
732,733,0,2,0,29.7,0,0,0.0,-0.65
733,734,0,2,0,23.0,0,0,13.0,-0.39
734,735,0,2,0,23.0,0,0,13.0,-0.39
735,736,0,3,0,28.5,0,0,16.1,-0.32
736,737,0,3,1,48.0,1,3,34.375,0.04
737,738,1,1,0,35.0,0,0,512.3292,9.66
738,739,0,3,0,29.7,0,0,7.8958,-0.49
739,740,0,3,0,29.7,0,0,7.8958,-0.49
740,741,1,1,0,29.7,0,0,30.0,-0.04
741,742,0,1,0,36.0,1,0,78.85,0.94
742,743,1,1,1,21.0,2,2,262.375,4.63
743,744,0,3,0,24.0,1,0,16.1,-0.32
744,745,1,3,0,31.0,0,0,7.925,-0.49
745,746,0,1,0,70.0,1,1,71.0,0.78
746,747,0,3,0,16.0,1,1,20.25,-0.24
747,748,1,2,1,30.0,0,0,13.0,-0.39
748,749,0,1,0,19.0,1,0,53.1,0.42
749,750,0,3,0,31.0,0,0,7.75,-0.49
750,751,1,2,1,4.0,1,1,23.0,-0.19
751,752,1,3,0,6.0,0,1,12.475,-0.4
752,753,0,3,0,33.0,0,0,9.5,-0.46
753,754,0,3,0,23.0,0,0,7.8958,-0.49
754,755,1,2,1,48.0,1,2,65.0,0.66
755,756,1,2,0,0.67,1,1,14.5,-0.36
756,757,0,3,0,28.0,0,0,7.7958,-0.49
757,758,0,2,0,18.0,0,0,11.5,-0.42
758,759,0,3,0,34.0,0,0,8.05,-0.49
759,760,1,1,1,33.0,0,0,86.5,1.09
760,761,0,3,0,29.7,0,0,14.5,-0.36
761,762,0,3,0,41.0,0,0,7.125,-0.5
762,763,1,3,0,20.0,0,0,7.2292,-0.5
763,764,1,1,1,36.0,1,2,120.0,1.77
764,765,0,3,0,16.0,0,0,7.775,-0.49
765,766,1,1,1,51.0,1,0,77.9583,0.92
766,767,0,1,0,29.7,0,0,39.6,0.15
767,768,0,3,1,30.5,0,0,7.75,-0.49
768,769,0,3,0,29.7,1,0,24.15,-0.16
769,770,0,3,0,32.0,0,0,8.3625,-0.48
770,771,0,3,0,24.0,0,0,9.5,-0.46
771,772,0,3,0,48.0,0,0,7.8542,-0.49
772,773,0,2,1,57.0,0,0,10.5,-0.44
773,774,0,3,0,29.7,0,0,7.225,-0.5
774,775,1,2,1,54.0,1,3,23.0,-0.19
775,776,0,3,0,18.0,0,0,7.75,-0.49
776,777,0,3,0,29.7,0,0,7.75,-0.49
777,778,1,3,1,5.0,0,0,12.475,-0.4
778,779,0,3,0,29.7,0,0,7.7375,-0.49
779,780,1,1,1,43.0,0,1,211.3375,3.61
780,781,1,3,1,13.0,0,0,7.2292,-0.5
781,782,1,1,1,17.0,1,0,57.0,0.5
782,783,0,1,0,29.0,0,0,30.0,-0.04
783,784,0,3,0,29.7,1,2,23.45,-0.18
784,785,0,3,0,25.0,0,0,7.05,-0.51
785,786,0,3,0,25.0,0,0,7.25,-0.5
786,787,1,3,1,18.0,0,0,7.4958,-0.5
787,788,0,3,0,8.0,4,1,29.125,-0.06
788,789,1,3,0,1.0,1,2,20.575,-0.23
789,790,0,1,0,46.0,0,0,79.2,0.95
790,791,0,3,0,29.7,0,0,7.75,-0.49
791,792,0,2,0,16.0,0,0,26.0,-0.12
792,793,0,3,1,29.7,8,2,69.55,0.75
793,794,0,1,0,29.7,0,0,30.6958,-0.03
794,795,0,3,0,25.0,0,0,7.8958,-0.49
795,796,0,2,0,39.0,0,0,13.0,-0.39
796,797,1,1,1,49.0,0,0,25.9292,-0.13
797,798,1,3,1,31.0,0,0,8.6833,-0.47
798,799,0,3,0,30.0,0,0,7.2292,-0.5
799,800,0,3,1,30.0,1,1,24.15,-0.16
800,801,0,2,0,34.0,0,0,13.0,-0.39
801,802,1,2,1,31.0,1,1,26.25,-0.12
802,803,1,1,0,11.0,1,2,120.0,1.77
803,804,1,3,0,0.42,0,1,8.5167,-0.48
804,805,1,3,0,27.0,0,0,6.975,-0.51
805,806,0,3,0,31.0,0,0,7.775,-0.49
806,807,0,1,0,39.0,0,0,0.0,-0.65
807,808,0,3,1,18.0,0,0,7.775,-0.49
808,809,0,2,0,39.0,0,0,13.0,-0.39
809,810,1,1,1,33.0,1,0,53.1,0.42
810,811,0,3,0,26.0,0,0,7.8875,-0.49
811,812,0,3,0,39.0,0,0,24.15,-0.16
812,813,0,2,0,35.0,0,0,10.5,-0.44
813,814,0,3,1,6.0,4,2,31.275,-0.02
814,815,0,3,0,30.5,0,0,8.05,-0.49
815,816,0,1,0,29.7,0,0,0.0,-0.65
816,817,0,3,1,23.0,0,0,7.925,-0.49
817,818,0,2,0,31.0,1,1,37.0042,0.1
818,819,0,3,0,43.0,0,0,6.45,-0.52
819,820,0,3,0,10.0,3,2,27.9,-0.09
820,821,1,1,1,52.0,1,1,93.5,1.23
821,822,1,3,0,27.0,0,0,8.6625,-0.47
822,823,0,1,0,38.0,0,0,0.0,-0.65
823,824,1,3,1,27.0,0,1,12.475,-0.4
824,825,0,3,0,2.0,4,1,39.6875,0.15
825,826,0,3,0,29.7,0,0,6.95,-0.51
826,827,0,3,0,29.7,0,0,56.4958,0.49
827,828,1,2,0,1.0,0,2,37.0042,0.1
828,829,1,3,0,29.7,0,0,7.75,-0.49
829,830,1,1,1,62.0,0,0,80.0,0.96
830,831,1,3,1,15.0,1,0,14.4542,-0.36
831,832,1,2,0,0.83,1,1,18.75,-0.27
832,833,0,3,0,29.7,0,0,7.2292,-0.5
833,834,0,3,0,23.0,0,0,7.8542,-0.49
834,835,0,3,0,18.0,0,0,8.3,-0.48
835,836,1,1,1,39.0,1,1,83.1583,1.03
836,837,0,3,0,21.0,0,0,8.6625,-0.47
837,838,0,3,0,29.7,0,0,8.05,-0.49
838,839,1,3,0,32.0,0,0,56.4958,0.49
839,840,1,1,0,29.7,0,0,29.7,-0.05
840,841,0,3,0,20.0,0,0,7.925,-0.49
841,842,0,2,0,16.0,0,0,10.5,-0.44
842,843,1,1,1,30.0,0,0,31.0,-0.02
843,844,0,3,0,34.5,0,0,6.4375,-0.52
844,845,0,3,0,17.0,0,0,8.6625,-0.47
845,846,0,3,0,42.0,0,0,7.55,-0.5
846,847,0,3,0,29.7,8,2,69.55,0.75
847,848,0,3,0,35.0,0,0,7.8958,-0.49
848,849,0,2,0,28.0,0,1,33.0,0.02
849,850,1,1,1,29.7,1,0,89.1042,1.15
850,851,0,3,0,4.0,4,2,31.275,-0.02
851,852,0,3,0,74.0,0,0,7.775,-0.49
852,853,0,3,1,9.0,1,1,15.2458,-0.34
853,854,1,1,1,16.0,0,1,39.4,0.14
854,855,0,2,1,44.0,1,0,26.0,-0.12
855,856,1,3,1,18.0,0,1,9.35,-0.46
856,857,1,1,1,45.0,1,1,164.8667,2.67
857,858,1,1,0,51.0,0,0,26.55,-0.11
858,859,1,3,1,24.0,0,3,19.2583,-0.26
859,860,0,3,0,29.7,0,0,7.2292,-0.5
860,861,0,3,0,41.0,2,0,14.1083,-0.36
861,862,0,2,0,21.0,1,0,11.5,-0.42
862,863,1,1,1,48.0,0,0,25.9292,-0.13
863,864,0,3,1,29.7,8,2,69.55,0.75
864,865,0,2,0,24.0,0,0,13.0,-0.39
865,866,1,2,1,42.0,0,0,13.0,-0.39
866,867,1,2,1,27.0,1,0,13.8583,-0.37
867,868,0,1,0,31.0,0,0,50.4958,0.37
868,869,0,3,0,29.7,0,0,9.5,-0.46
869,870,1,3,0,4.0,1,1,11.1333,-0.42
870,871,0,3,0,26.0,0,0,7.8958,-0.49
871,872,1,1,1,47.0,1,1,52.5542,0.41
872,873,0,1,0,33.0,0,0,5.0,-0.55
873,874,0,3,0,47.0,0,0,9.0,-0.47
874,875,1,2,1,28.0,1,0,24.0,-0.17
875,876,1,3,1,15.0,0,0,7.225,-0.5
876,877,0,3,0,20.0,0,0,9.8458,-0.45
877,878,0,3,0,19.0,0,0,7.8958,-0.49
878,879,0,3,0,29.7,0,0,7.8958,-0.49
879,880,1,1,1,56.0,0,1,83.1583,1.03
880,881,1,2,1,25.0,0,1,26.0,-0.12
881,882,0,3,0,33.0,0,0,7.8958,-0.49
882,883,0,3,1,22.0,0,0,10.5167,-0.44
883,884,0,2,0,28.0,0,0,10.5,-0.44
884,885,0,3,0,25.0,0,0,7.05,-0.51
885,886,0,3,1,39.0,0,5,29.125,-0.06
886,887,0,2,0,27.0,0,0,13.0,-0.39
887,888,1,1,1,19.0,0,0,30.0,-0.04
888,889,0,3,1,29.7,1,2,23.45,-0.18
889,890,1,1,0,26.0,0,0,30.0,-0.04
890,891,0,3,0,32.0,0,0,7.75,-0.49
